{
	"class_name" : "PinholeCameraParameters",
	"extrinsic" : 
	[
		0.023641597300184124,
		0.16192744438772655,
		0.98651942587622465,
		0.0,
		-0.15826081282909854,
		-0.97374580013226419,
		0.16362344528657807,
		0.0,
		0.98711427403303675,
		-0.15999568581320089,
		0.0026058628886676816,
		0.0,
		-0.0085754271633731276,
		-0.032347272697840823,
		0.24086069999108861,
		1.0
	],
	"intrinsic" : 
	{
		"height" : 1080,
		"intrinsic_matrix" : 
		[
			935.30743608719399,
			0.0,
			0.0,
			0.0,
			935.30743608719399,
			0.0,
			959.5,
			539.5,
			1.0
		],
		"width" : 1920
	},
	"version_major" : 1,
	"version_minor" : 0
}